First Round of Interviews,Subreddit/Discord
futuretechftw2,r/CCNY
stopsakura10,r/HunterCollege
ehebsvebsbsbbdbdbdb,r/HunterCollege
flashcapulet,r/CUNY
Brilliant_Claim1329,r/HunterCollege
Ramen_thekeami,r/CCNY
dumbgumb,r/Baruch
andrea_dee_,r/CUNY
Salty_Bag1852,r/QueensCollege
Nintendo_Pro_03,r/CUNY
Correct_Mountain2886,r/QueensCollege
Interesting-Ship7161,r/CUNY
coruscree,CUNY Hunter College
skyronthekid,CUNY Hunter College
rexythedragon,CUNY Hunter College
aharongrama,CUNY
zeallll,CUNY
jakedenko,Baruch College
happy_abe,Baruch College
aharongrama,Brooklyn College
mobina1359,Brooklyn College
plebble_,Brooklyn College
egrodo,Baruch College
yonniman,Baruch College